clip	duration[ms]
common_voice_cs_38894970.mp3	2520
common_voice_cs_38685316.mp3	6156
common_voice_cs_38634964.mp3	3456
common_voice_cs_38548261.mp3	2520
common_voice_cs_38685046.mp3	2700
common_voice_cs_38748493.mp3	6876
common_voice_cs_38712590.mp3	5220
common_voice_cs_38525264.mp3	3600
common_voice_cs_39103363.mp3	4320
common_voice_cs_38635410.mp3	6048
common_voice_cs_38681688.mp3	5076
common_voice_cs_38533392.mp3	3924
common_voice_cs_38634884.mp3	6228
common_voice_cs_38525381.mp3	5292
common_voice_cs_38763601.mp3	2448
common_voice_cs_38748491.mp3	2160
common_voice_cs_38681610.mp3	9216
common_voice_cs_38681551.mp3	6696
common_voice_cs_39466791.mp3	3528
common_voice_cs_38727187.mp3	3888
common_voice_cs_38763622.mp3	5328
common_voice_cs_38681533.mp3	5220
common_voice_cs_38681682.mp3	5040
common_voice_cs_39466305.mp3	5436
common_voice_cs_39466732.mp3	3528
common_voice_cs_39466804.mp3	4788
common_voice_cs_38577231.mp3	4968
common_voice_cs_38685337.mp3	7560
common_voice_cs_38681536.mp3	4068
common_voice_cs_38548263.mp3	2520
common_voice_cs_38635389.mp3	4140
common_voice_cs_39466753.mp3	4896
common_voice_cs_38634937.mp3	7596
common_voice_cs_38634784.mp3	7560
common_voice_cs_38748501.mp3	3276
common_voice_cs_38762551.mp3	4392
common_voice_cs_38685051.mp3	5400
common_voice_cs_39341559.mp3	2556
common_voice_cs_38525376.mp3	6804
common_voice_cs_38727161.mp3	4716
common_voice_cs_39103345.mp3	6588
common_voice_cs_38533327.mp3	2124
common_voice_cs_39466887.mp3	3996
common_voice_cs_38635378.mp3	2880
common_voice_cs_38681538.mp3	4536
common_voice_cs_38634949.mp3	3816
common_voice_cs_38712581.mp3	5796
common_voice_cs_38681602.mp3	8928
common_voice_cs_38634956.mp3	7596
common_voice_cs_38634778.mp3	3348
common_voice_cs_39341558.mp3	2736
common_voice_cs_38634788.mp3	7596
common_voice_cs_38681550.mp3	6516
common_voice_cs_38635433.mp3	9180
common_voice_cs_38727162.mp3	4248
common_voice_cs_39466756.mp3	4608
common_voice_cs_38635339.mp3	4536
common_voice_cs_38634818.mp3	7128
common_voice_cs_38525199.mp3	5616
common_voice_cs_39466734.mp3	5328
common_voice_cs_38763634.mp3	3276
common_voice_cs_39466832.mp3	3888
common_voice_cs_38856845.mp3	2016
common_voice_cs_38685311.mp3	6768
common_voice_cs_39466231.mp3	8928
common_voice_cs_38635356.mp3	3996
common_voice_cs_38635437.mp3	4716
common_voice_cs_38855659.mp3	4248
common_voice_cs_38685312.mp3	6408
common_voice_cs_38577218.mp3	2844
common_voice_cs_39466683.mp3	4140
common_voice_cs_38525191.mp3	3600
common_voice_cs_38727182.mp3	3708
common_voice_cs_38894992.mp3	2016
common_voice_cs_38525252.mp3	1980
common_voice_cs_39466856.mp3	3240
common_voice_cs_38635435.mp3	7308
common_voice_cs_38635460.mp3	3816
common_voice_cs_38856851.mp3	2268
common_voice_cs_38533499.mp3	6156
common_voice_cs_38525554.mp3	3024
common_voice_cs_38736518.mp3	7056
common_voice_cs_38727178.mp3	3888
common_voice_cs_38685895.mp3	5688
common_voice_cs_38681704.mp3	4680
common_voice_cs_39466682.mp3	5580
common_voice_cs_38634772.mp3	4140
common_voice_cs_38681732.mp3	6696
common_voice_cs_38685170.mp3	4608
common_voice_cs_38539679.mp3	2412
common_voice_cs_38685879.mp3	3168
common_voice_cs_38634885.mp3	5580
common_voice_cs_38763606.mp3	1800
common_voice_cs_38681730.mp3	6336
common_voice_cs_38727177.mp3	4572
common_voice_cs_39466232.mp3	6228
common_voice_cs_38681645.mp3	5400
common_voice_cs_38763620.mp3	5400
common_voice_cs_38684986.mp3	2556
common_voice_cs_38681701.mp3	4860
common_voice_cs_38712606.mp3	2952
common_voice_cs_38681607.mp3	7848
common_voice_cs_38861800.mp3	5976
common_voice_cs_38634965.mp3	4500
common_voice_cs_38634835.mp3	9180
common_voice_cs_38681621.mp3	8280
common_voice_cs_38634935.mp3	6408
common_voice_cs_38748500.mp3	2520
common_voice_cs_38577301.mp3	7596
common_voice_cs_39466260.mp3	5076
common_voice_cs_38634789.mp3	5148
common_voice_cs_38635439.mp3	4248
common_voice_cs_38736520.mp3	6048
common_voice_cs_39584319.mp3	2196
common_voice_cs_38518051.mp3	5436
common_voice_cs_38685401.mp3	6516
common_voice_cs_39574237.mp3	2088
common_voice_cs_38727168.mp3	4248
common_voice_cs_38634938.mp3	5616
common_voice_cs_38894969.mp3	2700
common_voice_cs_38763629.mp3	3636
common_voice_cs_39103537.mp3	4896
common_voice_cs_39103535.mp3	4140
common_voice_cs_38508583.mp3	2556
common_voice_cs_38635411.mp3	4500
common_voice_cs_38727193.mp3	4284
common_voice_cs_38635365.mp3	4536
common_voice_cs_39103538.mp3	4068
common_voice_cs_39466758.mp3	2808
common_voice_cs_38681733.mp3	6516
common_voice_cs_38685897.mp3	6588
common_voice_cs_38712552.mp3	4392
common_voice_cs_38635377.mp3	4428
common_voice_cs_38762454.mp3	4680
common_voice_cs_38635413.mp3	3888
common_voice_cs_38635305.mp3	3780
common_voice_cs_38525225.mp3	3924
common_voice_cs_38533675.mp3	5256
common_voice_cs_38763624.mp3	7596
common_voice_cs_38762452.mp3	5328
common_voice_cs_38577346.mp3	2520
common_voice_cs_38762546.mp3	4860
common_voice_cs_38672431.mp3	3600
common_voice_cs_38569196.mp3	2628
common_voice_cs_38635440.mp3	5688
common_voice_cs_39584330.mp3	4500
common_voice_cs_39466291.mp3	4680
common_voice_cs_38533415.mp3	5652
common_voice_cs_38525543.mp3	3780
common_voice_cs_38748519.mp3	3996
common_voice_cs_38855654.mp3	5616
common_voice_cs_38685187.mp3	4608
common_voice_cs_38577296.mp3	6552
common_voice_cs_38635390.mp3	7848
common_voice_cs_39341596.mp3	2700
common_voice_cs_38634761.mp3	4500
common_voice_cs_38533657.mp3	4932
common_voice_cs_38685315.mp3	7848
common_voice_cs_38762435.mp3	4716
common_voice_cs_38681647.mp3	7740
common_voice_cs_38685082.mp3	6840
common_voice_cs_38548264.mp3	2196
common_voice_cs_38762436.mp3	3600
common_voice_cs_38685003.mp3	3240
common_voice_cs_38681643.mp3	7488
common_voice_cs_38634766.mp3	8568
common_voice_cs_38525198.mp3	5292
common_voice_cs_38577156.mp3	4104
common_voice_cs_38762577.mp3	5868
common_voice_cs_38681639.mp3	5256
common_voice_cs_38762486.mp3	4536
common_voice_cs_38712585.mp3	4932
common_voice_cs_38712601.mp3	3960
common_voice_cs_38533670.mp3	4068
common_voice_cs_38533487.mp3	3816
common_voice_cs_38685271.mp3	5220
common_voice_cs_38762397.mp3	2412
common_voice_cs_38763633.mp3	3168
common_voice_cs_39466831.mp3	4968
common_voice_cs_38681734.mp3	5400
common_voice_cs_38533370.mp3	2124
common_voice_cs_38681642.mp3	7416
common_voice_cs_38634939.mp3	4176
common_voice_cs_38763612.mp3	3600
common_voice_cs_38712593.mp3	4464
common_voice_cs_38681622.mp3	5688
common_voice_cs_38856853.mp3	1944
common_voice_cs_38525392.mp3	4140
common_voice_cs_39574299.mp3	2088
common_voice_cs_38525258.mp3	4572
common_voice_cs_38635304.mp3	5796
common_voice_cs_38533673.mp3	5868
common_voice_cs_38685336.mp3	7956
common_voice_cs_38681532.mp3	4320
common_voice_cs_38635328.mp3	5508
common_voice_cs_38727169.mp3	3996
common_voice_cs_38681656.mp3	6156
common_voice_cs_38635374.mp3	3888
common_voice_cs_38681531.mp3	4860
common_voice_cs_38634931.mp3	4968
common_voice_cs_38762390.mp3	6264
common_voice_cs_38525250.mp3	4716
common_voice_cs_39103536.mp3	3348
common_voice_cs_38533413.mp3	4212
common_voice_cs_38762562.mp3	3240
common_voice_cs_38681700.mp3	5616
common_voice_cs_38525193.mp3	5796
common_voice_cs_38533313.mp3	2376
common_voice_cs_38712574.mp3	3600
common_voice_cs_38539682.mp3	2700
common_voice_cs_39572286.mp3	2088
common_voice_cs_38518048.mp3	4680
common_voice_cs_39580441.mp3	2124
common_voice_cs_38525221.mp3	4860
common_voice_cs_38635358.mp3	3420
common_voice_cs_39103499.mp3	4068
common_voice_cs_39574236.mp3	1980
common_voice_cs_38855658.mp3	4968
common_voice_cs_38681646.mp3	9036
common_voice_cs_38762381.mp3	5436
common_voice_cs_38861821.mp3	6192
common_voice_cs_39466704.mp3	2808
common_voice_cs_38634696.mp3	7416
common_voice_cs_38681535.mp3	7596
common_voice_cs_38635426.mp3	5760
common_voice_cs_39584331.mp3	4824
common_voice_cs_38635331.mp3	5940
common_voice_cs_38577216.mp3	8208
common_voice_cs_38685135.mp3	4680
common_voice_cs_38736493.mp3	2340
common_voice_cs_38533315.mp3	2736
common_voice_cs_38681544.mp3	3456
common_voice_cs_38548260.mp3	2700
common_voice_cs_38634767.mp3	5400
common_voice_cs_38577143.mp3	2988
common_voice_cs_38634882.mp3	5976
common_voice_cs_38577339.mp3	2556
common_voice_cs_38681705.mp3	6696
common_voice_cs_38634779.mp3	5040
common_voice_cs_38635425.mp3	3276
common_voice_cs_38635348.mp3	6948
common_voice_cs_38549028.mp3	2628
common_voice_cs_38533416.mp3	6048
common_voice_cs_38748487.mp3	1656
common_voice_cs_38634879.mp3	5760
common_voice_cs_38727165.mp3	7704
common_voice_cs_38894993.mp3	2160
common_voice_cs_39103488.mp3	4356
common_voice_cs_38856855.mp3	2196
common_voice_cs_38525266.mp3	6084
common_voice_cs_39583814.mp3	2412
common_voice_cs_38685377.mp3	4320
common_voice_cs_38685295.mp3	5148
common_voice_cs_38533318.mp3	2376
common_voice_cs_38712591.mp3	7524
common_voice_cs_38763599.mp3	6336
common_voice_cs_39583817.mp3	5184
common_voice_cs_38548744.mp3	1908
common_voice_cs_38712586.mp3	3420
common_voice_cs_39103495.mp3	5868
common_voice_cs_38727172.mp3	6480
common_voice_cs_38762561.mp3	3240
common_voice_cs_38681681.mp3	5220
common_voice_cs_38635424.mp3	6228
common_voice_cs_38681658.mp3	4140
common_voice_cs_38856844.mp3	2340
common_voice_cs_38681552.mp3	6336
common_voice_cs_39574239.mp3	2196
common_voice_cs_38736495.mp3	2916
common_voice_cs_38685317.mp3	4500
common_voice_cs_39466755.mp3	2916
common_voice_cs_38712603.mp3	3096
common_voice_cs_38518052.mp3	5904
common_voice_cs_38635303.mp3	4716
common_voice_cs_38539678.mp3	7092
common_voice_cs_38635393.mp3	5256
common_voice_cs_38577219.mp3	7488
common_voice_cs_38634768.mp3	5040
common_voice_cs_38518049.mp3	3852
common_voice_cs_38736499.mp3	2088
common_voice_cs_38525188.mp3	3816
common_voice_cs_38533458.mp3	4644
common_voice_cs_38712592.mp3	3816
common_voice_cs_38525243.mp3	3348
common_voice_cs_38635482.mp3	4536
common_voice_cs_38712598.mp3	5040
common_voice_cs_38748518.mp3	2160
common_voice_cs_38685186.mp3	6588
common_voice_cs_38533468.mp3	4392
common_voice_cs_38681635.mp3	8208
common_voice_cs_38712587.mp3	4752
common_voice_cs_38685915.mp3	7200
common_voice_cs_39341597.mp3	2232
common_voice_cs_38533666.mp3	3888
common_voice_cs_38533373.mp3	6768
common_voice_cs_38681601.mp3	5616
common_voice_cs_38672423.mp3	5400
common_voice_cs_38635490.mp3	6660
common_voice_cs_38518042.mp3	4608
common_voice_cs_38855665.mp3	5436
common_voice_cs_38762487.mp3	6624
common_voice_cs_38763613.mp3	8028
common_voice_cs_38681604.mp3	8748
common_voice_cs_38533457.mp3	6048
common_voice_cs_38681553.mp3	6876
common_voice_cs_38533374.mp3	6912
common_voice_cs_38533433.mp3	3996
common_voice_cs_38681598.mp3	7200
common_voice_cs_38748480.mp3	9216
common_voice_cs_38763615.mp3	2700
common_voice_cs_38685178.mp3	4500
common_voice_cs_38634957.mp3	4860
common_voice_cs_38748528.mp3	4608
common_voice_cs_38681692.mp3	9468
common_voice_cs_38712575.mp3	6588
common_voice_cs_38533438.mp3	2988
common_voice_cs_38533440.mp3	3960
common_voice_cs_38635423.mp3	8640
common_voice_cs_38748494.mp3	4176
common_voice_cs_38685137.mp3	8280
common_voice_cs_38518044.mp3	4032
common_voice_cs_38685177.mp3	5256
common_voice_cs_39584302.mp3	2988
common_voice_cs_38533312.mp3	2484
common_voice_cs_38681608.mp3	8208
common_voice_cs_38748510.mp3	2700
common_voice_cs_38972426.mp3	2880
common_voice_cs_38508584.mp3	1980
common_voice_cs_38727166.mp3	4680
common_voice_cs_38681694.mp3	5940
common_voice_cs_38681548.mp3	5436
common_voice_cs_39574295.mp3	1656
common_voice_cs_38685168.mp3	4356
common_voice_cs_38525259.mp3	2808
common_voice_cs_38685863.mp3	5688
common_voice_cs_38727184.mp3	3096
common_voice_cs_39466261.mp3	4248
common_voice_cs_38569200.mp3	2016
common_voice_cs_38525204.mp3	5832
common_voice_cs_39466803.mp3	3528
common_voice_cs_38712573.mp3	5400
common_voice_cs_38518047.mp3	4284
common_voice_cs_38712599.mp3	5616
common_voice_cs_39584298.mp3	3528
common_voice_cs_38856867.mp3	3708
common_voice_cs_38525553.mp3	4248
common_voice_cs_39572285.mp3	8136
common_voice_cs_38577297.mp3	5724
common_voice_cs_38855662.mp3	3060
common_voice_cs_39466288.mp3	4068
common_voice_cs_38762395.mp3	3780
common_voice_cs_38533505.mp3	4536
common_voice_cs_38533465.mp3	3420
common_voice_cs_38634928.mp3	6588
common_voice_cs_38748537.mp3	6300
common_voice_cs_39466323.mp3	5040
common_voice_cs_38763605.mp3	1980
common_voice_cs_38681731.mp3	5256
common_voice_cs_38525189.mp3	3672
common_voice_cs_38533662.mp3	6696
common_voice_cs_39580438.mp3	2160
common_voice_cs_38681560.mp3	5796
common_voice_cs_38681594.mp3	4716
common_voice_cs_38634829.mp3	8820
common_voice_cs_38525555.mp3	3204
common_voice_cs_38712600.mp3	3672
common_voice_cs_38727167.mp3	4860
common_voice_cs_38539681.mp3	2592
common_voice_cs_38635438.mp3	4140
common_voice_cs_38518056.mp3	5832
common_voice_cs_38634967.mp3	9756
common_voice_cs_38685924.mp3	5400
common_voice_cs_38681655.mp3	7200
common_voice_cs_38533316.mp3	2340
common_voice_cs_38685294.mp3	9360
common_voice_cs_38549029.mp3	2340
common_voice_cs_38634950.mp3	3780
common_voice_cs_38533450.mp3	3600
common_voice_cs_38736494.mp3	2556
common_voice_cs_38681631.mp3	5400
common_voice_cs_38712596.mp3	2664
common_voice_cs_39466680.mp3	5508
common_voice_cs_38634942.mp3	4968
common_voice_cs_39466853.mp3	5400
common_voice_cs_38681559.mp3	4968
common_voice_cs_38634765.mp3	6840
common_voice_cs_38635489.mp3	4788
common_voice_cs_38525268.mp3	2736
common_voice_cs_38763603.mp3	2268
common_voice_cs_38684983.mp3	2916
common_voice_cs_38525257.mp3	3132
common_voice_cs_38681680.mp3	4968
common_voice_cs_38525187.mp3	4572
common_voice_cs_38577217.mp3	4176
common_voice_cs_38681558.mp3	4968
common_voice_cs_38533504.mp3	5724
common_voice_cs_39341557.mp3	6372
common_voice_cs_39341598.mp3	2052
common_voice_cs_38518050.mp3	3672
common_voice_cs_38635342.mp3	4068
common_voice_cs_39341561.mp3	3132
common_voice_cs_38727176.mp3	2628
common_voice_cs_38685866.mp3	3168
common_voice_cs_38634775.mp3	5256
common_voice_cs_39574297.mp3	2016
common_voice_cs_38577298.mp3	4392
common_voice_cs_38533393.mp3	4356
common_voice_cs_38762453.mp3	4572
common_voice_cs_38577144.mp3	2916
common_voice_cs_38577141.mp3	3456
common_voice_cs_38634810.mp3	6660
common_voice_cs_38518055.mp3	5544
common_voice_cs_38533660.mp3	4968
common_voice_cs_38634889.mp3	5976
common_voice_cs_38712555.mp3	4356
common_voice_cs_38634770.mp3	6048
common_voice_cs_38681534.mp3	7776
common_voice_cs_38762579.mp3	3348
common_voice_cs_38685179.mp3	7740
common_voice_cs_38634762.mp3	5688
common_voice_cs_39466749.mp3	5580
common_voice_cs_38548747.mp3	2196
common_voice_cs_38548262.mp3	2448
common_voice_cs_38685163.mp3	4428
common_voice_cs_38685189.mp3	4176
common_voice_cs_38634933.mp3	5580
common_voice_cs_38533498.mp3	4032
common_voice_cs_38972352.mp3	4140
common_voice_cs_38525194.mp3	3492
common_voice_cs_38533502.mp3	3780
common_voice_cs_38672404.mp3	5472
common_voice_cs_38533490.mp3	5148
common_voice_cs_38533439.mp3	2988
common_voice_cs_38762380.mp3	4824
common_voice_cs_38525390.mp3	4716
common_voice_cs_38533667.mp3	5472
common_voice_cs_39584317.mp3	2088
common_voice_cs_38685340.mp3	6840
common_voice_cs_38972425.mp3	3996
common_voice_cs_38525269.mp3	4644
common_voice_cs_38685188.mp3	3528
common_voice_cs_38763631.mp3	7416
common_voice_cs_38634819.mp3	3888
common_voice_cs_38748486.mp3	1728
common_voice_cs_38577340.mp3	2376
common_voice_cs_38525223.mp3	7560
common_voice_cs_38525230.mp3	3420
common_voice_cs_38635419.mp3	7020
common_voice_cs_38763637.mp3	5328
common_voice_cs_38712604.mp3	3240
common_voice_cs_38727174.mp3	3096
common_voice_cs_38681549.mp3	4896
common_voice_cs_38533464.mp3	5436
common_voice_cs_38525183.mp3	3744
common_voice_cs_38577186.mp3	4068
common_voice_cs_38681561.mp3	6048
common_voice_cs_38681640.mp3	4968
common_voice_cs_38634873.mp3	3096
common_voice_cs_38577344.mp3	2520
common_voice_cs_38681644.mp3	3888
common_voice_cs_38525552.mp3	5472
common_voice_cs_38577302.mp3	3420
common_voice_cs_38685914.mp3	5436
common_voice_cs_39466747.mp3	3780
common_voice_cs_39341560.mp3	2376
common_voice_cs_38518040.mp3	6012
common_voice_cs_39466322.mp3	3816
common_voice_cs_38685880.mp3	4248
common_voice_cs_38525184.mp3	2988
common_voice_cs_39466731.mp3	4500
common_voice_cs_38748484.mp3	2340
common_voice_cs_38569199.mp3	2016
common_voice_cs_39103378.mp3	5040
common_voice_cs_38635484.mp3	6948
common_voice_cs_38763623.mp3	6480
common_voice_cs_38861839.mp3	6624
common_voice_cs_38681693.mp3	8280
common_voice_cs_38685180.mp3	3888
common_voice_cs_38634966.mp3	6948
common_voice_cs_39466243.mp3	4356
common_voice_cs_38525247.mp3	3708
common_voice_cs_39466854.mp3	2736
common_voice_cs_38712582.mp3	5472
common_voice_cs_38635327.mp3	4608
common_voice_cs_38635427.mp3	4788
common_voice_cs_39584527.mp3	7488
common_voice_cs_38577299.mp3	5652
common_voice_cs_38685256.mp3	6768
common_voice_cs_39466805.mp3	5508
common_voice_cs_39466700.mp3	7596
common_voice_cs_38525379.mp3	3672
common_voice_cs_38685338.mp3	4356
common_voice_cs_38634925.mp3	9036
common_voice_cs_38635392.mp3	3060
common_voice_cs_38681708.mp3	10440
common_voice_cs_38525551.mp3	2808
common_voice_cs_39466244.mp3	4536
common_voice_cs_39466793.mp3	8136
common_voice_cs_38518053.mp3	4572
common_voice_cs_38712602.mp3	4356
common_voice_cs_38635475.mp3	4176
common_voice_cs_38685147.mp3	7128
common_voice_cs_38634932.mp3	5940
common_voice_cs_38533328.mp3	2448
common_voice_cs_38681706.mp3	5220
common_voice_cs_38685313.mp3	3780
common_voice_cs_38634883.mp3	5148
common_voice_cs_38635375.mp3	9180
common_voice_cs_38525229.mp3	2952
common_voice_cs_38634822.mp3	5616
common_voice_cs_38748489.mp3	1620
common_voice_cs_38533683.mp3	4536
common_voice_cs_39584111.mp3	7128
common_voice_cs_38525203.mp3	6408
common_voice_cs_38634776.mp3	8316
common_voice_cs_38525218.mp3	3852
common_voice_cs_38762451.mp3	2916
common_voice_cs_38685292.mp3	3168
common_voice_cs_38634891.mp3	5076
common_voice_cs_38533456.mp3	4500
common_voice_cs_38533654.mp3	3168
common_voice_cs_38972423.mp3	2340
common_voice_cs_38685110.mp3	6516
common_voice_cs_38533354.mp3	2304
common_voice_cs_38685363.mp3	6120
common_voice_cs_38861835.mp3	3456
common_voice_cs_39466230.mp3	4320
common_voice_cs_38569197.mp3	1728
common_voice_cs_38763632.mp3	5688
common_voice_cs_38525186.mp3	4824
common_voice_cs_38525378.mp3	3492
common_voice_cs_38681596.mp3	7596
common_voice_cs_38681724.mp3	7560
common_voice_cs_38634769.mp3	7596
common_voice_cs_38548745.mp3	2160
common_voice_cs_38748481.mp3	6048
common_voice_cs_39466765.mp3	4896
common_voice_cs_38634807.mp3	5940
common_voice_cs_38763636.mp3	6408
common_voice_cs_38861818.mp3	4644
common_voice_cs_39574234.mp3	4176
common_voice_cs_38533497.mp3	4752
common_voice_cs_38635469.mp3	7056
common_voice_cs_39466257.mp3	4896
common_voice_cs_38685149.mp3	6120
common_voice_cs_38763627.mp3	3960
common_voice_cs_38577293.mp3	4896
common_voice_cs_38972427.mp3	2340
common_voice_cs_38762490.mp3	5472
common_voice_cs_38525544.mp3	5652
common_voice_cs_38634940.mp3	4356
common_voice_cs_39466258.mp3	5508
common_voice_cs_38635459.mp3	8316
common_voice_cs_38518043.mp3	6912
common_voice_cs_38525192.mp3	3168
common_voice_cs_38672411.mp3	6336
common_voice_cs_39341600.mp3	1944
common_voice_cs_38533388.mp3	6552
common_voice_cs_38748482.mp3	2088
common_voice_cs_38748485.mp3	1728
common_voice_cs_39574292.mp3	2700
common_voice_cs_39466285.mp3	5076
common_voice_cs_38685259.mp3	7308
common_voice_cs_38684984.mp3	2808
common_voice_cs_38685896.mp3	3600
common_voice_cs_38634797.mp3	3888
common_voice_cs_38525245.mp3	3564
common_voice_cs_38533655.mp3	5868
common_voice_cs_38634817.mp3	5076
common_voice_cs_38577347.mp3	2736
common_voice_cs_38727191.mp3	5328
common_voice_cs_38634948.mp3	7776
common_voice_cs_38681689.mp3	4428
common_voice_cs_38681545.mp3	5328
common_voice_cs_38762558.mp3	4680
common_voice_cs_38681597.mp3	6516
common_voice_cs_38634833.mp3	4068
common_voice_cs_38533412.mp3	5256
common_voice_cs_38685925.mp3	6408
common_voice_cs_38763611.mp3	4320
common_voice_cs_38518041.mp3	5436
common_voice_cs_38685360.mp3	6516
common_voice_cs_38635441.mp3	8100
common_voice_cs_38727181.mp3	4788
common_voice_cs_38539680.mp3	2016
common_voice_cs_39466889.mp3	6156
common_voice_cs_38634781.mp3	5580
common_voice_cs_38685165.mp3	3996
common_voice_cs_38762576.mp3	2772
common_voice_cs_39466733.mp3	4356
common_voice_cs_38763609.mp3	3348
common_voice_cs_38635434.mp3	6300
common_voice_cs_38539692.mp3	2088
common_voice_cs_38634892.mp3	6948
common_voice_cs_38634782.mp3	5976
common_voice_cs_38748536.mp3	6156
common_voice_cs_38681683.mp3	7020
common_voice_cs_38763618.mp3	5436
common_voice_cs_38533431.mp3	3960
common_voice_cs_38533671.mp3	5004
common_voice_cs_38685242.mp3	3456
common_voice_cs_38635351.mp3	8100
common_voice_cs_38533661.mp3	3960
common_voice_cs_39583815.mp3	2556
common_voice_cs_39580439.mp3	1944
common_voice_cs_38685272.mp3	4896
common_voice_cs_38634821.mp3	6876
common_voice_cs_38634792.mp3	4320
common_voice_cs_38681540.mp3	6156
common_voice_cs_38548743.mp3	2376
common_voice_cs_39580440.mp3	1944
common_voice_cs_38533430.mp3	6120
common_voice_cs_38856841.mp3	2700
common_voice_cs_38856864.mp3	1692
common_voice_cs_39466287.mp3	3420
common_voice_cs_38762477.mp3	3276
common_voice_cs_38681562.mp3	4356
common_voice_cs_38685357.mp3	5688
common_voice_cs_39466324.mp3	3780
common_voice_cs_38681707.mp3	7236
common_voice_cs_38685865.mp3	4140
common_voice_cs_38533352.mp3	2268
common_voice_cs_38518045.mp3	4824
common_voice_cs_38634944.mp3	4320
common_voice_cs_38681691.mp3	5256
common_voice_cs_38685244.mp3	5220
common_voice_cs_38681530.mp3	6876
common_voice_cs_38525389.mp3	4284
common_voice_cs_38712597.mp3	4968
common_voice_cs_38577159.mp3	2448
common_voice_cs_38533391.mp3	5112
common_voice_cs_38856863.mp3	1872
common_voice_cs_38727189.mp3	4716
common_voice_cs_38533677.mp3	3096
common_voice_cs_38685898.mp3	6300
common_voice_cs_39466730.mp3	6588
common_voice_cs_38635376.mp3	7056
common_voice_cs_38856852.mp3	2268
common_voice_cs_38685150.mp3	5436
common_voice_cs_38685877.mp3	6228
common_voice_cs_38525231.mp3	3276
common_voice_cs_38685052.mp3	4608
common_voice_cs_38685146.mp3	3960
common_voice_cs_38525255.mp3	3096
common_voice_cs_38533441.mp3	2268
common_voice_cs_39103377.mp3	5436
common_voice_cs_38533489.mp3	5940
common_voice_cs_39466246.mp3	4068
common_voice_cs_38685379.mp3	3528
common_voice_cs_39466702.mp3	4536
common_voice_cs_39574235.mp3	2160
common_voice_cs_38508585.mp3	2160
common_voice_cs_38685132.mp3	5508
common_voice_cs_38762440.mp3	6336
common_voice_cs_38762396.mp3	6012
common_voice_cs_38539689.mp3	1728
common_voice_cs_38635487.mp3	3708
common_voice_cs_38856842.mp3	2556
common_voice_cs_38533663.mp3	8892
common_voice_cs_38672436.mp3	5796
common_voice_cs_38635467.mp3	4176
common_voice_cs_38727163.mp3	3456
common_voice_cs_38634771.mp3	6408
common_voice_cs_38634764.mp3	5976
common_voice_cs_39572289.mp3	2268
common_voice_cs_38525391.mp3	3672
common_voice_cs_38634947.mp3	5148
common_voice_cs_38685319.mp3	5436
common_voice_cs_38748529.mp3	6588
common_voice_cs_38748538.mp3	4068
common_voice_cs_38672417.mp3	5256
common_voice_cs_39572292.mp3	2556
common_voice_cs_38685909.mp3	5868
common_voice_cs_38635436.mp3	5436
common_voice_cs_38635306.mp3	6120
common_voice_cs_38577341.mp3	2520
common_voice_cs_38685133.mp3	3276
common_voice_cs_38635468.mp3	7200
common_voice_cs_38972357.mp3	1908
common_voice_cs_38685240.mp3	3420
common_voice_cs_38533669.mp3	5904
common_voice_cs_38525246.mp3	5436
common_voice_cs_38634787.mp3	8928
common_voice_cs_38762382.mp3	4104
common_voice_cs_38712588.mp3	5076
common_voice_cs_38763628.mp3	4968
common_voice_cs_38712609.mp3	4500
common_voice_cs_38762547.mp3	4104
common_voice_cs_38533488.mp3	5940
common_voice_cs_38685293.mp3	3060
common_voice_cs_38577225.mp3	3168
common_voice_cs_38748492.mp3	2448
common_voice_cs_38685084.mp3	5940
common_voice_cs_38634923.mp3	5148
common_voice_cs_39103343.mp3	4716
common_voice_cs_38635442.mp3	6228
common_voice_cs_38855655.mp3	5616
common_voice_cs_38762455.mp3	3564
common_voice_cs_38685176.mp3	5940
common_voice_cs_38712554.mp3	6804
common_voice_cs_38681528.mp3	3456
common_voice_cs_38681609.mp3	8856
common_voice_cs_38634836.mp3	5760
common_voice_cs_38634791.mp3	4176
common_voice_cs_38634777.mp3	7416
common_voice_cs_38635485.mp3	4428
common_voice_cs_39466259.mp3	5256
common_voice_cs_39584529.mp3	4356
common_voice_cs_38577215.mp3	5436
common_voice_cs_38635421.mp3	6336
common_voice_cs_38685894.mp3	6948
common_voice_cs_38635486.mp3	7488
common_voice_cs_38634954.mp3	5148
common_voice_cs_38681595.mp3	6408
common_voice_cs_38681722.mp3	6480
common_voice_cs_38577227.mp3	4752
common_voice_cs_38635470.mp3	8928
common_voice_cs_38762580.mp3	4644
common_voice_cs_38736491.mp3	2736
common_voice_cs_39466795.mp3	4680
common_voice_cs_38635368.mp3	4068
common_voice_cs_38681542.mp3	4968
common_voice_cs_38533680.mp3	4356
common_voice_cs_39103522.mp3	5436
common_voice_cs_39466302.mp3	4176
common_voice_cs_38681702.mp3	10116
common_voice_cs_38577194.mp3	9756
common_voice_cs_38748517.mp3	2160
common_voice_cs_39466290.mp3	5040
common_voice_cs_38533447.mp3	3240
common_voice_cs_38577189.mp3	5004
common_voice_cs_39572293.mp3	2268
common_voice_cs_39583813.mp3	2052
common_voice_cs_39103374.mp3	4068
common_voice_cs_38727195.mp3	4104
common_voice_cs_38681599.mp3	5976
common_voice_cs_38533463.mp3	3240
common_voice_cs_38634838.mp3	3276
common_voice_cs_38533486.mp3	4284
common_voice_cs_38681648.mp3	8856
common_voice_cs_38635477.mp3	6948
common_voice_cs_38681659.mp3	5220
common_voice_cs_38685358.mp3	4500
common_voice_cs_38634820.mp3	3600
common_voice_cs_39466703.mp3	3348
common_voice_cs_38525540.mp3	7416
common_voice_cs_39103534.mp3	3888
common_voice_cs_38972424.mp3	2196
common_voice_cs_38533371.mp3	2160
common_voice_cs_38685258.mp3	6336
common_voice_cs_38533351.mp3	2160
common_voice_cs_38635340.mp3	4896
common_voice_cs_38736517.mp3	2268
common_voice_cs_38635480.mp3	5076
common_voice_cs_38681529.mp3	5580
common_voice_cs_38684987.mp3	2988
common_voice_cs_38685376.mp3	4860
common_voice_cs_38748520.mp3	3888
common_voice_cs_38635352.mp3	2736
common_voice_cs_38685109.mp3	5148
common_voice_cs_38727190.mp3	4788
common_voice_cs_38855663.mp3	4968
common_voice_cs_39103362.mp3	4248
common_voice_cs_38525222.mp3	3672
common_voice_cs_38712583.mp3	3456
common_voice_cs_39103376.mp3	3996
common_voice_cs_38634870.mp3	5580
common_voice_cs_38634698.mp3	7128
common_voice_cs_38681720.mp3	5436
common_voice_cs_39466802.mp3	5940
common_voice_cs_38634830.mp3	4068
common_voice_cs_38856843.mp3	2268
common_voice_cs_38525251.mp3	3024
common_voice_cs_38518054.mp3	5148
common_voice_cs_38681641.mp3	5976
common_voice_cs_38748513.mp3	4968
common_voice_cs_38508582.mp3	2556
common_voice_cs_38762392.mp3	5904
common_voice_cs_38533455.mp3	3060
common_voice_cs_38634951.mp3	6660
common_voice_cs_38681593.mp3	6696
common_voice_cs_38681556.mp3	7416
common_voice_cs_38635488.mp3	3996
common_voice_cs_38635474.mp3	4356
common_voice_cs_38681603.mp3	5796
common_voice_cs_38685926.mp3	7920
common_voice_cs_38685314.mp3	4716
common_voice_cs_38634790.mp3	4788
common_voice_cs_38763607.mp3	2196
common_voice_cs_38525380.mp3	3240
common_voice_cs_39466833.mp3	3276
common_voice_cs_38634936.mp3	5868
common_voice_cs_38533350.mp3	2196
common_voice_cs_38634888.mp3	6480
common_voice_cs_38525248.mp3	3132
common_voice_cs_38748509.mp3	3456
common_voice_cs_38762476.mp3	8316
common_voice_cs_38549027.mp3	2556
common_voice_cs_38681555.mp3	5328
common_voice_cs_38634952.mp3	6480
common_voice_cs_39584299.mp3	3060
common_voice_cs_38727164.mp3	5184
common_voice_cs_38635458.mp3	8856
common_voice_cs_38748483.mp3	1980
common_voice_cs_38681605.mp3	6948
common_voice_cs_38634946.mp3	3780
common_voice_cs_38685148.mp3	4860
common_voice_cs_38634780.mp3	4896
common_voice_cs_38525197.mp3	3420
common_voice_cs_38681687.mp3	5760
common_voice_cs_38533443.mp3	5724
common_voice_cs_38533389.mp3	4752
common_voice_cs_39466245.mp3	6588
common_voice_cs_38762394.mp3	4464
common_voice_cs_38685273.mp3	5400
common_voice_cs_38763621.mp3	4428
common_voice_cs_38533682.mp3	3492
common_voice_cs_38548746.mp3	2160
common_voice_cs_38681546.mp3	9000
common_voice_cs_38681633.mp3	5580
common_voice_cs_38685318.mp3	7236
common_voice_cs_38533656.mp3	9396
common_voice_cs_38727192.mp3	5508
common_voice_cs_38727173.mp3	4824
common_voice_cs_38861812.mp3	6264
common_voice_cs_38533496.mp3	3528
common_voice_cs_39103375.mp3	4500
common_voice_cs_38855660.mp3	3888
common_voice_cs_38634832.mp3	5076
common_voice_cs_38681543.mp3	4536
common_voice_cs_38762434.mp3	3924
common_voice_cs_38577188.mp3	2268
common_voice_cs_38727188.mp3	6876
common_voice_cs_38727170.mp3	4608
common_voice_cs_38762438.mp3	5724
common_voice_cs_38634945.mp3	4500
common_voice_cs_38727186.mp3	3600
common_voice_cs_38712607.mp3	6192
common_voice_cs_38525228.mp3	3456
common_voice_cs_38533679.mp3	5184
common_voice_cs_38894967.mp3	4860
common_voice_cs_38681624.mp3	3996
common_voice_cs_38763602.mp3	2520
common_voice_cs_38748502.mp3	2376
common_voice_cs_38855656.mp3	6480
common_voice_cs_38685291.mp3	5868
common_voice_cs_38685260.mp3	6408
common_voice_cs_39466857.mp3	5760
common_voice_cs_38763616.mp3	7200
common_voice_cs_38635330.mp3	7056
common_voice_cs_38762480.mp3	4176
common_voice_cs_39466228.mp3	5508
common_voice_cs_39466757.mp3	6840
common_voice_cs_38762391.mp3	4392
common_voice_cs_38685380.mp3	5148
common_voice_cs_38635329.mp3	4680
common_voice_cs_38533678.mp3	4536
common_voice_cs_38681638.mp3	8748
common_voice_cs_39584321.mp3	2196
common_voice_cs_39584300.mp3	2700
common_voice_cs_38635338.mp3	3960
common_voice_cs_38634881.mp3	5868
common_voice_cs_38727194.mp3	6156
common_voice_cs_38763617.mp3	4788
common_voice_cs_38533681.mp3	6444
common_voice_cs_38525220.mp3	3276
common_voice_cs_39584322.mp3	2160
common_voice_cs_39103490.mp3	6516
common_voice_cs_38685275.mp3	4680
common_voice_cs_38533664.mp3	5940
common_voice_cs_38762489.mp3	6012
common_voice_cs_38533446.mp3	3312
common_voice_cs_39584112.mp3	4068
common_voice_cs_39103340.mp3	4536
common_voice_cs_39466759.mp3	7560
common_voice_cs_38681606.mp3	6228
common_voice_cs_38736496.mp3	2016
common_voice_cs_39574294.mp3	1836
common_voice_cs_38635350.mp3	5148
common_voice_cs_38712572.mp3	3312
common_voice_cs_38685004.mp3	2448
common_voice_cs_38634834.mp3	9036
common_voice_cs_38712571.mp3	5616
common_voice_cs_39466326.mp3	6336
common_voice_cs_39103492.mp3	4680
common_voice_cs_38533676.mp3	6984
common_voice_cs_38634890.mp3	6228
common_voice_cs_38525224.mp3	4536
common_voice_cs_38533329.mp3	2376
common_voice_cs_38972355.mp3	1908
common_voice_cs_38748497.mp3	5796
common_voice_cs_38736500.mp3	2376
common_voice_cs_38748512.mp3	4536
common_voice_cs_38525256.mp3	4140
common_voice_cs_38681625.mp3	5076
common_voice_cs_38681557.mp3	9468
common_voice_cs_39584328.mp3	5652
common_voice_cs_38763604.mp3	2016
common_voice_cs_38634823.mp3	5688
common_voice_cs_39466303.mp3	5616
common_voice_cs_38727179.mp3	6120
common_voice_cs_38577294.mp3	6660
common_voice_cs_38685134.mp3	6516
common_voice_cs_38685906.mp3	5616
common_voice_cs_38634697.mp3	6156
common_voice_cs_38685378.mp3	4428
common_voice_cs_38634806.mp3	9720
common_voice_cs_38762550.mp3	5868
common_voice_cs_38634941.mp3	5508
common_voice_cs_38712605.mp3	2664
common_voice_cs_38635364.mp3	7200
common_voice_cs_38712595.mp3	4320
common_voice_cs_38672405.mp3	5760
common_voice_cs_38685867.mp3	5148
common_voice_cs_38681539.mp3	3528
common_voice_cs_38525226.mp3	3672
common_voice_cs_38634694.mp3	5976
common_voice_cs_38635420.mp3	6156
common_voice_cs_38634808.mp3	8028
common_voice_cs_38635461.mp3	4140
common_voice_cs_38685007.mp3	2268
common_voice_cs_38533501.mp3	4860
common_voice_cs_38685086.mp3	5688
common_voice_cs_38634773.mp3	6300
common_voice_cs_38634869.mp3	3276
common_voice_cs_39103359.mp3	6768
common_voice_cs_38577158.mp3	2484
common_voice_cs_38539688.mp3	1836
common_voice_cs_38533466.mp3	3348
common_voice_cs_38533672.mp3	6336
common_voice_cs_38681637.mp3	8856
common_voice_cs_38681623.mp3	7668
common_voice_cs_39584109.mp3	5040
common_voice_cs_39103523.mp3	3600
common_voice_cs_38685875.mp3	7740
common_voice_cs_38681554.mp3	4248
common_voice_cs_38533674.mp3	4392
common_voice_cs_38685083.mp3	6840
common_voice_cs_39466751.mp3	9576
common_voice_cs_38635353.mp3	3960
common_voice_cs_39103519.mp3	5508
common_voice_cs_38727180.mp3	3564
common_voice_cs_38685927.mp3	5796
common_voice_cs_38685356.mp3	5688
common_voice_cs_38525196.mp3	5436
common_voice_cs_38577295.mp3	6444
common_voice_cs_38577300.mp3	6300
common_voice_cs_38748539.mp3	2916
common_voice_cs_38533665.mp3	5220
common_voice_cs_38748498.mp3	4140
common_voice_cs_38525541.mp3	3636
common_voice_cs_38635307.mp3	2880
common_voice_cs_38525267.mp3	3420
common_voice_cs_39466306.mp3	2736
common_voice_cs_38748530.mp3	4860
common_voice_cs_38634943.mp3	6660
common_voice_cs_38681634.mp3	4968
common_voice_cs_39584301.mp3	2700
common_voice_cs_38525232.mp3	5184
common_voice_cs_38762383.mp3	3996
common_voice_cs_38635341.mp3	4068
common_voice_cs_39466684.mp3	2916
common_voice_cs_38763638.mp3	4716
common_voice_cs_38763600.mp3	4860
common_voice_cs_38634763.mp3	5796
common_voice_cs_38634871.mp3	6156
common_voice_cs_38508586.mp3	1836
common_voice_cs_38634837.mp3	6048
common_voice_cs_38533462.mp3	4248
common_voice_cs_38533454.mp3	8424
common_voice_cs_38634963.mp3	5148
common_voice_cs_38681723.mp3	4860
common_voice_cs_38533324.mp3	2448
common_voice_cs_38635483.mp3	6228
common_voice_cs_38762478.mp3	2736
common_voice_cs_38762560.mp3	4608
common_voice_cs_38634796.mp3	3420
common_voice_cs_38685238.mp3	4716
common_voice_cs_38763619.mp3	6048
common_voice_cs_38972354.mp3	2196
common_voice_cs_38634774.mp3	6840
common_voice_cs_38763630.mp3	5616
common_voice_cs_38712553.mp3	5904
common_voice_cs_38681709.mp3	5148
common_voice_cs_38525190.mp3	4248
common_voice_cs_38856865.mp3	3600
common_voice_cs_38525227.mp3	2628
common_voice_cs_38748488.mp3	1728
common_voice_cs_38635422.mp3	4860
common_voice_cs_38577343.mp3	2268
common_voice_cs_38549026.mp3	2700
common_voice_cs_38763610.mp3	3276
common_voice_cs_38685876.mp3	4356
common_voice_cs_38685006.mp3	2520
common_voice_cs_38533432.mp3	6048
common_voice_cs_38762399.mp3	3240
common_voice_cs_38525201.mp3	3816
common_voice_cs_38856866.mp3	3348
common_voice_cs_38533325.mp3	2520
common_voice_cs_38763625.mp3	4356
common_voice_cs_38569198.mp3	1800
common_voice_cs_38894996.mp3	2376
common_voice_cs_38681686.mp3	7776
common_voice_cs_38712551.mp3	8280
common_voice_cs_38681541.mp3	3996
common_voice_cs_38685274.mp3	4356
common_voice_cs_38525185.mp3	4716
common_voice_cs_38634886.mp3	6840
common_voice_cs_38533411.mp3	6480
common_voice_cs_38681690.mp3	6120
common_voice_cs_38748527.mp3	4140
common_voice_cs_38634785.mp3	7200
common_voice_cs_38762488.mp3	3672
common_voice_cs_38685236.mp3	5940
common_voice_cs_38635391.mp3	5040
common_voice_cs_38685107.mp3	4500
common_voice_cs_39584320.mp3	2376
common_voice_cs_38763635.mp3	5868
common_voice_cs_39341599.mp3	2304
common_voice_cs_39466247.mp3	3348
common_voice_cs_38855657.mp3	4428
common_voice_cs_38681636.mp3	6948
common_voice_cs_38577145.mp3	2664
common_voice_cs_38681703.mp3	4968
common_voice_cs_39584108.mp3	3996
common_voice_cs_38577160.mp3	2700
common_voice_cs_39466304.mp3	3636
common_voice_cs_38685005.mp3	2340
common_voice_cs_38577229.mp3	3816
common_voice_cs_38763614.mp3	5760
common_voice_cs_38736492.mp3	2556
common_voice_cs_38727175.mp3	4032
common_voice_cs_38685111.mp3	5616
common_voice_cs_39584528.mp3	3168
common_voice_cs_38525244.mp3	6048
common_voice_cs_38533448.mp3	4356
common_voice_cs_38635357.mp3	4248
common_voice_cs_38727185.mp3	2844
common_voice_cs_38533459.mp3	4392
common_voice_cs_38972356.mp3	2016
common_voice_cs_38634783.mp3	5688
common_voice_cs_39466883.mp3	3888
common_voice_cs_38681547.mp3	6120
common_voice_cs_38577342.mp3	2448
common_voice_cs_38533467.mp3	6192
common_voice_cs_38681600.mp3	3960
common_voice_cs_39466835.mp3	3888
common_voice_cs_38533461.mp3	4824
common_voice_cs_38634955.mp3	7560
common_voice_cs_39103521.mp3	3960
common_voice_cs_38672429.mp3	7488
common_voice_cs_39103520.mp3	5148
common_voice_cs_38736519.mp3	5616
common_voice_cs_38856854.mp3	1800
common_voice_cs_38681649.mp3	5040
common_voice_cs_38748490.mp3	1548
common_voice_cs_39466859.mp3	4356
common_voice_cs_38577345.mp3	2448
common_voice_cs_39466681.mp3	5220
common_voice_cs_38681721.mp3	5256
common_voice_cs_38533668.mp3	5436
common_voice_cs_39466325.mp3	6156
common_voice_cs_38635412.mp3	5796
common_voice_cs_38762479.mp3	6048
common_voice_cs_38685048.mp3	2340
common_voice_cs_38894968.mp3	2736
common_voice_cs_38634816.mp3	4500
common_voice_cs_38525219.mp3	3456
common_voice_cs_38681657.mp3	3888
common_voice_cs_38748535.mp3	5220
common_voice_cs_39466794.mp3	4500
common_voice_cs_38762559.mp3	4572
common_voice_cs_38894995.mp3	2268
common_voice_cs_38681632.mp3	7308
common_voice_cs_38577157.mp3	2484
common_voice_cs_38539690.mp3	2160
common_voice_cs_38634831.mp3	5040
common_voice_cs_38577191.mp3	4716
common_voice_cs_38685050.mp3	3888
common_voice_cs_39103360.mp3	4680
common_voice_cs_39466801.mp3	7200
common_voice_cs_38712608.mp3	3492
common_voice_cs_38727171.mp3	5076
common_voice_cs_38533451.mp3	3780
common_voice_cs_38736497.mp3	2016
common_voice_cs_38533460.mp3	4392
common_voice_cs_38634880.mp3	8208
common_voice_cs_38762548.mp3	5580
common_voice_cs_38533353.mp3	2052
common_voice_cs_39466701.mp3	4680
common_voice_cs_38736516.mp3	2880
common_voice_cs_38635409.mp3	5436
common_voice_cs_39103361.mp3	3996
common_voice_cs_38712610.mp3	3492
common_voice_cs_38634872.mp3	6228
common_voice_cs_38748526.mp3	3456
common_voice_cs_38533503.mp3	4176
common_voice_cs_38685103.mp3	7056
common_voice_cs_38748521.mp3	3348
common_voice_cs_38634934.mp3	5580
common_voice_cs_38634887.mp3	4788
common_voice_cs_39584329.mp3	4860
common_voice_cs_38533500.mp3	5976
common_voice_cs_38685085.mp3	5328
common_voice_cs_38525545.mp3	6696
common_voice_cs_38762384.mp3	5292
common_voice_cs_38685160.mp3	4428
common_voice_cs_39584526.mp3	3744
common_voice_cs_39583816.mp3	5652
common_voice_cs_38577338.mp3	2448
common_voice_cs_38577142.mp3	2916
common_voice_cs_38539691.mp3	1872
common_voice_cs_38533372.mp3	6084
common_voice_cs_38518046.mp3	4464
common_voice_cs_38549025.mp3	3816
common_voice_cs_39466882.mp3	3888
common_voice_cs_39103341.mp3	8460
common_voice_cs_38525388.mp3	3996
common_voice_cs_38712589.mp3	6336
common_voice_cs_38727183.mp3	4176
common_voice_cs_38685320.mp3	5940
common_voice_cs_38635478.mp3	4896
common_voice_cs_38861829.mp3	5904
common_voice_cs_38712584.mp3	4320
common_voice_cs_38634695.mp3	4248
common_voice_cs_39466885.mp3	4716
common_voice_cs_38685253.mp3	5220
common_voice_cs_38685339.mp3	4500
common_voice_cs_38634795.mp3	4968
common_voice_cs_39466792.mp3	4716
common_voice_cs_38685911.mp3	3708
common_voice_cs_38635481.mp3	8136
common_voice_cs_38681684.mp3	8820
common_voice_cs_38681685.mp3	7416
common_voice_cs_38533429.mp3	5184
common_voice_cs_38685923.mp3	4896
common_voice_cs_38634953.mp3	3816
common_voice_cs_38634786.mp3	5076
common_voice_cs_38762393.mp3	3456
common_voice_cs_38762398.mp3	4428
common_voice_cs_39466229.mp3	5256
common_voice_cs_38533658.mp3	4248
common_voice_cs_38684985.mp3	3168
common_voice_cs_38685864.mp3	5940
common_voice_cs_38533659.mp3	4788
common_voice_cs_38748511.mp3	4968
common_voice_cs_38736498.mp3	2160
common_voice_cs_38763608.mp3	2808
common_voice_cs_39103339.mp3	4896
common_voice_cs_38525195.mp3	3924
common_voice_cs_39584525.mp3	6084
common_voice_cs_38525249.mp3	4248
common_voice_cs_38634809.mp3	5148
common_voice_cs_39580442.mp3	2052
common_voice_cs_38635367.mp3	3240
common_voice_cs_38712594.mp3	6696
common_voice_cs_38894971.mp3	2556
common_voice_cs_38894994.mp3	2196
common_voice_cs_38685190.mp3	6588
common_voice_cs_39466834.mp3	8208
common_voice_cs_38763626.mp3	8928
common_voice_cs_38861832.mp3	4752
common_voice_cs_38681537.mp3	2268
common_voice_cs_38635366.mp3	3996
common_voice_cs_39584110.mp3	7812
